"number","name","cmt","desc","symbol","url","Latitude","Longitude"
4612,"Aapelinsaari","Waste disposal,  Outhouse toilet,  Campfire site,",,"naturharbor",,"61.741667","29.323333"
5019,"Ahkiolahti",,,"pier",,"63.203627","27.221256"
5209,"Aholansaari","Cafe, Sauna, Cottages","Home of Paavo Ruotsalainen","guestharbor",,"63.313628","28.043299"
,"Ahoniemi",,,"pier",,"62.157346","29.602178"
5850,"Ahvenlahti","Waste disposal,  Outhouse toilet, ",,"naturharbor",,"63.336667","29.688333"
5710,"Ahverninen","Cafe,",,"pier",,"62.943528","30.115416"
,"Ainno-Acten",,,"pier",,"61.865611","28.899616"
5134,"Alatalo",,,"pier",,"63.010306","28.222664"
4280,"Antola",,,"marina",,"61.583639","27.652283"
4263,"Anttolanhovi",,,"marina",,"61.574406","27.601471"
5895,"Aronsalmi","Cottages,",,"pier",,"63.484317","29.045579"
,"Arvinsalmi",,,"pier",,"62.394208","29.570806"
4205,"Astuvansalmi","Outhouse toilet,  Landing stage","( Pss) rock paintings, not for a overnight stay","petroglyphs","https://drive.google.com/open?id=1p3-XklRymsnF-d6CyO_oN68tvy9D8XJDRA","61.444237","27.543019"
4588,"Casinosaari","Hotel, Septic,",,"marina",,"61.870073","28.886977"
,"Eevansaari",,,"naturharbor",,"61.862767","29.487676"
5468,"Enonkoski",,,"marina",,"62.091103","28.913870"
4814,"Haapanlahti",,,"pier",,"62.162570","27.873216"
4529,"Haislahti","Service, Fuel, Drinking water, Cafe, boat parts Shop,",,"marina",,"61.867706","28.873931"
,"Haislahti K-Sity market",,"mostly free","pier",,"61.867918","28.872086"
4464,"Hakovirta","Waste disposal,  Outhouse toilet,  Landing stage","(PSS)","naturharbor",,"61.745000","28.361667"
4597,"Harjun Portti","Fuel, Septic, Sauna,",,"marina",,"61.802540","29.295801"
4808,"Harronsaari","Outhouse toilet,  Campfire site","National park","naturharbor",,"62.222209","28.157386"
,"Hasanniemi","Fuel, Septic, Restaurant, Caravan, Sauna, Shore pover",,"marina","https://drive.google.com/open?id=1hJ4jfhOxHBZjdW84efXM3RVBoFEFy3Dfmw","62.590986","29.737930"
4885,"Hauto-Koisti ","Waste disposal,  Outhouse toilet,  Campfire site,  Landing stage,  Buoys, Sauna, Shelter","(PSS) wilderness hut ","guestharbor","https://drive.google.com/open?id=1dLaGKLIkGAF8Smvtch4MB869vWVw6YgWIQ","62.771717","27.808634"
,"Heikkoniemi",,,"naturharbor",,"63.313493","28.014954"
4285,"Heimari","Hotel, Restaurant, Sauna,",,"guestharbor",,"61.588254","27.289949"
5027,"Heiskalansaari ","Waste disposal,  Outhouse toilet,  Campfire site,  Landing stage,  Buoys,",,"naturharbor",,"63.435000","27.305000"
5844,"Heklansaari ","Waste disposal,  Outhouse toilet,  Campfire site","(PSS)","naturharbor",,"63.310000","29.626667"
5057,"Hepomäki","Waste disposal, Campfire site, Landing stage,",,"naturharbor",,"63.688333","27.105000"
4340,"Heposaari","Waste disposal,  Outhouse toilet,  Campfire site, Landing stage","(PSS)","guestharbor",,"61.578964","27.852933"
5772,"Herranniemi","Grocery, Cafe, Sauna, Fuel for carrying,",,"marina",,"63.147073","29.986991"
4664,"Hevossalo, Hietaniemi","Outhouse toilet,  Campfire site,  Landing stage,",,"naturharbor",,"61.952807","29.513220"
4415,"Hiekkaniemi","Waste disposal,  Outhouse toilet,  Campfire site,  Shelter,  Landing stage","(PSS) shallow, broken pier","naturharbor",,"61.523670","28.521848"
5759,"Hiekkasaaret ","Outhouse toilet,  Campfire site ","National park","naturharbor",,"63.131900","29.851958"
4231,"Hietaniemi","Waste disposal,  Outhouse toilet,  Barbecue shelter,  Landing stage","(PSS)","naturharbor",,"61.501667","27.530000"
4135,"Hietasaari (Saimaa)","Waste disposal,  Outhouse toilet,  Campfire site, Barbecue shelter, Landing stage,  Sauna, Septic","(PSS/EKvas) pienoisviitat","guestharbor","https://drive.google.com/open?id=1JMQ4Tk2K7zK0GbUQm8DIlxTlqs7Tf-kZuA","61.326667","28.105000"
4717,"Hietasaari (Varparannanselka)","Outhouse toilet,  Campfire site ","National park , 3 eri aluetta","beach",,"61.995024","28.712367"
4918,"Hietasalo ","Waste disposal,  Outhouse toilet,  Barbecue shelter, Campfire site, Landing stage ","(PSS)","naturharbor",,"62.850000","27.755000"
4315,"Hiidenlahti, Neitvuori","Outhouse toilet,  Campfire site,  Landing stage, Info (MH/Mli) Shop, on Neitvuorelle",,"naturharbor",,"61.666667","27.743333"
5263,"Hiisiniemi","Outhouse toilet,  Campfire site,","Haisovan kanava, for small boats ","naturharbor",,"62.770000","28.240000"
5489,"Hirviniemi","Outhouse toilet, Campfire site","mainly for canoes","naturharbor",,"62.155424","29.155275"
5439,"Hirviniemi (Vaajaselka)","Outhouse toilet,  Campfire site","National park , mv-Kielto ","naturharbor",,"62.221667","28.903333"
4781,"Hirvisaari","Outhouse toilet,  Campfire site","National park , shallow beach","naturharbor","https://drive.google.com/open?id=1IY-t0EtI5zwZCy0PMXm2TfLuMEwDuhNxhw","62.165615","28.379945"
5331,"HojoHojo","Information, Fuel, Hotel, Restaurant, Grocery, Sauna, ",,"marina",,"62.801704","28.499275"
,"Honkalahden saha","Slip,",,"port",,"61.131810","28.468812"
,"Honkalahti","Slip,",,"pier",,"61.133623","28.483532"
5085,"Honkaranta ","Waste disposal,  Outhouse toilet,  Campfire site,  Landing stage,  Sauna, ",,"naturharbor",,"63.618333","26.741667"
4430,"Honkasaari","Outhouse toilet,  Campfire site,  Buoys","(PSS)","naturharbor",,"61.540239","28.592101"
4095,"Huuhanranta","Outhouse toilet, Campfire site","( Pss/Ekvas), shallow sandy beach","naturharbor",,"61.335508","28.399256"
4791,"Huuhinsaari","Outhouse toilet,  Campfire site","National park ","naturharbor",,"62.199280","28.354882"
,"Hyterma",,"Conservation area and museum islands","museum",,"61.902853","29.474415"
5469,"Hyypiänniemi",,,"pier",,"62.107691","28.878250"
4345,"Ihanteensalo, Linnavuori","Waste disposal,",,"naturharbor",,"61.556667","27.946667"
4905,"Iivarinsalo ","Waste disposal,  Outhouse toilet,  Barbecue shelter,  Campfire site,  Landing stage, Buoys","(PSS)","naturharbor","https://photos.google.com/share/AF1QipMBwRB5UnurPg5I0t-_BVvMbqoqhqn2dCCUfBRF8ojCo0PYwD3RUObTxhN4biKqOA/photo/AF1QipNbCRj2GkosDcZVRIuXUybJMYHSH06jsckM4jKh?key=aXhxNEZBSWRjOE9sNHN3RUdmaUVjUFJfeTc5UE1n","62.827008","27.846726"
,"Ikoinniemi",,,"pier",,"61.774452","29.012495"
4119,"Ilkonsaaret N","Waste disposal,  Outhouse toilet,  Barbecue shelter,  Landing stage","(PSS/EKvas) hermitages, shallow landing stage, sandy beach ","guestharbor",,"61.215000","28.288333"
4119,"Ilkonsaaret S","Waste disposal,  Barbecue shelter (2),  Landing stage, ",,"guestharbor","https://drive.google.com/open?id=1JXDvCjjniO76lQ3r8J6jcONmariftf2pUA","61.209929","28.296657"
,"Iloallionlahti",,,"marina",,"61.871014","28.917447"
,"Ilosaari",,,"pier",,"62.598581","29.771425"
4974,"Ilvessalo ","Waste disposal,  Campfire site, ","(PSS)","naturharbor",,"62.959897","27.566167"
4080,"Imatra","Restaurant, Hotel, Fuel, Septic, Sauna, Slip,",,"marina",,"61.211118","28.723042"
5738,"Iso Korppi ","Waste disposal,  Outhouse toilet,  Campfire site  ","National park","naturharbor",,"63.105000","29.888333"
4741,"Iso Tuunaansaari","Outhouse toilet,  Campfire site","National park","naturharbor","https://drive.google.com/open?id=1Xmt76vzCwJgx6tfnBSDTbmx6nFi36BwhUg","62.060263","28.586754"
,"Iso-Kankainen N","Waste disposal,  Outhouse toilet,  Campfire site, ",,"beach","https://drive.google.com/open?id=1y4dQxdZRfWZR7N5vrPzM3sXpYFbASm4e3Q","61.801569","28.920666"
4517,"Iso-Kankainen S","Waste disposal,  Outhouse toilet,  Barbecue shelter, Campfire site, Buoys","(Metsähallitus) 2 paikkaa luontopolku","naturharbor","https://drive.google.com/open?id=18PvjTH7hGVvL7Jahys_x--sRfdnvKM9Ymg","61.799257","28.923842"
4895,"Iso-Mietti ","Waste disposal,  Outhouse toilet,  Campfire site, lodge  ","(PSS)","naturharbor",,"62.798333","27.818333"
5459,"Itälahti ","Waste disposal,  Outhouse toilet,  Barbecue shelter,  Landing stage","Evl-lut luostariyhteisö","naturharbor",,"62.171667","28.778333"
5680,"Jakokoski","Camping, Sauna,",,"guestharbor",,"62.741841","30.036191"
4652,"Jakosenniemi","Outhouse toilet,  Campfire site, Buoys, the mounting bolts ",,"naturharbor",,"61.960000","29.386667"
5116,"Jännevirta","Grocery, Fuel by carrying,",,"pier",,"62.971737","27.827650"
4239,"Jantinsaari","Outhouse toilet,  Campfire site","(Pss)","naturharbor",,"61.501667","27.651667"
4773,"Järvisydän","Cottages, Restaurant, Septic, Sauna,",,"resort",,"62.120216","28.311510"
,"Joensuu itäranta",,,"pier",,"62.600852","29.772047"
,"Joensuu matkustajasatama",,,"pier",,"62.596043","29.761984"
,"Joensuu port",,,"port",,"62.584159","29.752843"
5477,"Jouhivuori ","Outhouse toilet,  Campfire site, Shelter","rock rings","naturharbor","https://drive.google.com/open?id=1pgyukRbF4MI3lZc-ok7PDox-RZn6pLxC7Q","62.142894","28.891045"
5311,"Jurikasalmi","Septic,",,"pier",,"62.559524","28.786379"
5838,"Juuka","Hotel,",,"marina",,"63.247062","29.276528"
5323,"Juurikkalahti ","Waste disposal,  Outhouse toilet, Campfire site, Landing stage, ",,"naturharbor",,"62.735000","28.441667"
4496,"Juuvinsaari","Outhouse toilet,  Campfire site,  Landing stage, Buoys","(Metsähallitus, SLPS)","guestharbor","https://drive.google.com/open?id=10sVorc5PL4HTNbOZOL4_6prK6sX8Wd2MWA","61.776717","28.710596"
5343,"Kaavinkoski ","Waste disposal,  Outhouse toilet,  Campfire site, Buoys,  Landing stage, Sauna, ",,"naturharbor",,"62.888333","28.633333"
4988,"Kaijansaari ","Waste disposal,  Outhouse toilet,  Campfire site,  Shelter ","(PSS)","naturharbor",,"62.913426","27.548143"
4280,"Kaijatsaari","Waste disposal,  Outhouse toilet,  Campfire site, Landing stage","(PSS)","naturharbor",,"61.581667","27.695000"
4838,"Kaita","Waste disposal,  Outhouse toilet,  Campfire site,  Landing stage, Sauna","(PSS),pienoisviitat. Stone on S (right) side of pier?","guestharbor","https://drive.google.com/open?id=1kMrix7u0O8LTRDDeJ_FUj_eV71k-8PQeKA","62.423299","27.919644"
4727,"Kaitasaari","Outhouse toilet,  Campfire site  ","National park, shallow","naturharbor",,"62.021667","28.546667"
4100,"Kaito","Waste disposal, Campfire site, Outhouse toilet,","Shallow sandy beach","beach",,"61.215000","28.411667"
5447,"Käkötaipale ","Outhouse toilet, Barbecue shelter","National park , mv-Kielto ","naturharbor",,"62.180000","28.911667"
4897,"Kakssalminen ","Waste disposal,  Outhouse toilet,  Campfire site","(PSS) lodge ","naturharbor",,"62.805000","27.815000"
5268,"Kalasatama",,,"guestharbor",,"61.927709","29.799016"
,"Kalasatama Kokkomäki",,,"pier",,"62.689881","28.126040"
,"Kalasatama Kontturinmäki","Slip,",,"port",,"61.280617","28.179605"
5307,"Kalliolahti ","Outhouse toilet,  Campfire site,  Landing stage, ",,"naturharbor",,"62.570000","28.723333"
4227,"Kallioniemi","Fuel, Septic, Kafe Sauna,",,"marina",,"61.462523","27.507315"
4844,"Kalmalahti eteläinen",,,"marina",,"62.487165","27.770476"
4799,"Kangaslampi","Grocery, Fuel by carrying,",,"pier",,"62.287900","28.267994"
4247,"Kangassaari","Waste disposal,  Outhouse toilet,  Campfire site,  Landing stage","(PSS)","naturharbor",,"61.565000","27.301667"
5319,"Kannassaari ","Waste disposal,  Outhouse toilet,  Campfire site, Landing stage, Shelter, ",,"naturharbor",,"62.748333","28.531667"
4403,"Kaoskenselkä",,,"pier",,"61.539469","28.157954"
4203,"Kaposaari","Outhouse toilet,  Barbecue shelter, Landing stage,  Buoys","(PSS)","guestharbor","https://drive.google.com/open?id=1QXn1XoQeqMyyaZIsVmGIuL5-qreKwn3qzQ","61.406232","27.564262"
4957,"Karhonsaari ","Waste disposal,  Outhouse toilet,  Campfire site, Shelter,  Landing stage ","(PSS)","naturharbor",,"62.933333","27.763333"
,"Karhusaari","Outhouse toilet,  Campfire site,  Shelter,  Landing stage","(Lpr sataman edustalla, EKvas)","guestharbor","https://drive.google.com/open?id=1tHEidcqRFl-N-0XPFHuz0_-qQGXYHwdLSQ","61.076405","28.187008"
4335,"Karihiekka, Uimasalo","Waste disposal,  Outhouse toilet,  Campfire site, Barbecue shelter, Landing stage,  Septic, (PSS)","Stone Age residence","naturharbor",,"61.610000","27.891667"
5138,"Karjalankoski",,,"pier",,"63.046461","28.293067"
5419,"Karjalansaari ","Outhouse toilet,  Campfire site,  Metsähallitus",,"naturharbor",,"62.346667","28.763333"
,"Kärnänkoski",,"Souvorov“s fortress","museum_openair","https://photos.google.com/share/AF1QipMBwRB5UnurPg5I0t-_BVvMbqoqhqn2dCCUfBRF8ojCo0PYwD3RUObTxhN4biKqOA/photo/AF1QipOqBVAUJHn2YRgPvWLTeu8CwSbsotGx6UzRiPZS?key=aXhxNEZBSWRjOE9sNHN3RUdmaUVjUFJfeTc5UE1n","61.262788","27.709954"
5376,"Karvio","Fuel, Septic, Grocery,",,"marina",,"62.512834","28.640252"
,"Kasinlinna",,,"naturharbor",,"62.285442","29.493022"
,"Kaukas",,,"port",,"61.071958","28.229988"
5388,"Kemanranta","Grocery, Hospital Septic, Sauna, Alco, Hotel,",,"marina",,"62.438542","28.637612"
4257,"Kenkävero",,,"pier",,"61.680106","27.285442"
4644,"Kerimäki, Kirkkoranta","Fuel by carrying, Septic,",,"marina",,"61.908229","29.286531"
5408,"Kermankoski","Fuel, Septic, Restaurant, Sauna,",,"marina",,"62.393035","28.748248"
5411,"Kermanvirta ","Waste disposal,  Outhouse toilet,  Barbecue shelter,  Landing stage, Sauna, ",,"naturharbor",,"62.396667","28.728333"
,"Kesämaa",,,"pier",,"61.800877","29.295243"
,"Keskisaari",,,"beach",,"63.168549","27.264944"
4914,"Kielosaari ","Waste disposal,  Outhouse toilet,  Campfire site","(PSS)","naturharbor",,"62.825000","27.651667"
4438,"Kiertävälä Varvinranta","Sauna,",,"marina",,"61.611632","28.376713"
5068,"Kihlovirta ","Waste disposal,  Outhouse toilet,  Campfire site,",,"naturharbor",,"63.570000","27.020000"
5240,"Kipansalo ","Outhouse toilet,  Campfire site,  Landing stage,  Sauna, Shelter, Buoys","wilderness hut ","naturharbor",,"62.851667","28.205000"
5437,"Kirkkoranta ","Outhouse toilet,  Campfire site,  Info, Inva","National park , mv-Kielto","naturharbor",,"62.236667","28.891667"
4777,"Kirvessaari","Outhouse toilet,  Campfire site","National park , 2 aluetta","naturharbor",,"62.156897","28.398784"
,"Kiviniemi",,,"pier",,"61.490496","28.034787"
4370,"Kivisalmi","Waste disposal,  Outhouse toilet, Slip","Shop,  2 Km","pier","https://drive.google.com/open?id=1iLeycmocmJD2SDYXE3auYH4YkrNC081ejg","61.490385","27.888917"
,"Kivisalmi, Rääkkylä",,,"pier",,"62.314926","29.512763"
5297,"Kohmansalo ","Waste disposal,  Outhouse toilet,  Barbecue shelter, Landing stage, ",,"naturharbor",,"62.581667","28.443333"
4505,"Koivukannanniemi","Waste disposal,  Outhouse toilet,  Barbecue shelter, Campfire site, Landing stage, Septi, Inva ","(PSS)","guestharbor","https://drive.google.com/open?id=1X5WamtZYapGU_jiqgqGp95kN2Hc6K57Diw","61.820373","28.731078"
5142,"Koivulahti",,,"pier",,"63.059141","28.340660"
4914,"Koivumäki","Cafe, Restaurant, ",,"pier",,"62.812110","27.623706"
5560,"Koivuniemi",,,"pier",,"62.313281","29.580634"
5317,"Kojanlahti","Waste disposal, Outhouse toilet, Campfire site, Landing stage,",,"naturharbor",,"62.677966","28.591886"
4500,"Kokonsaari","Waste disposal,  Outhouse toilet, Landing stage,  ","(PSS) ","pier","https://drive.google.com/open?id=1LNvNQyPRlbO4pDdIPSC6RrFSH_dGfbzMkA","61.775855","28.756494"
,"Kolhoniemi",,"Privat piers","naturharbor","https://photos.google.com/share/AF1QipMBwRB5UnurPg5I0t-_BVvMbqoqhqn2dCCUfBRF8ojCo0PYwD3RUObTxhN4biKqOA/photo/AF1QipNSlcKYx_w6s7ZAdaAF4lMw8l83bMegtMLp-2Wm?key=aXhxNEZBSWRjOE9sNHN3RUdmaUVjUFJfeTc5UE1n","61.288111","27.665221"
5752,"Koli","Information, Hotel, Grocery, Alco, Septic","National park ","marina",,"63.111878","29.808721"
4562,"Kongonpää","Outhouse toilet,  Landing stage,  Buoys","(Metsähallitus) Salpalinja- info","war","https://drive.google.com/open?id=1xV68v8BtprY88h2OsYLBp7WmJrhDcHiw0w","61.658099","29.085044"
4572,"Kongonsaari, Koukkuniemi","Waste disposal,  Outhouse toilet,  Campfire site,  ","(PSS)","beach","https://drive.google.com/open?id=1iP7bMxZqEGK38t7AozBESpHslD4Oom5FuA","61.703333","29.046667"
4552,"Kongonsaari, Pääskyniemi ","Outhouse toilet,  Campfire site,   ","(Metsähallitus)","naturharbor","https://drive.google.com/open?id=1Vo0pSL5TUY12krXK0efzyg3r-RmNbNSaQw ","61.714296","28.964848"
,"Kongonsaari, Pakarhiekka",,,"beach","https://drive.google.com/open?id=1kAo1JOqfr5juxycWuUYGB4CGVl3r2g9spw","61.714558","28.974616"
4855,"Konnus","Waste disposal,  Outhouse toilet,  Barbecue shelter,  Landing stage","(PSS), vanhat kanavat, kioski","guestharbor","https://drive.google.com/open?id=1BNVgbM65GwvPnvxBs4eKk81jFErF0lrS2Q","62.549111","27.773164"
,"Korkeankoskenjoki",,"waterfall","waterfall",,"63.239590","27.078584"
4290,"Korvensaari","Waste disposal,  Outhouse toilet,  Barbecue shelter, Landing stage,  Buoys, Sauna","(PSS)","naturharbor",,"61.610000","27.750000"
4292,"Korvensaari, Pieni-Puoli","Waste disposal,  Outhouse toilet,  Barbecue shelter,  Landing stage,  Shelter, ","(PSS)","naturharbor",,"61.627834","27.756212"
4390,"Kotkatsaari","Waste disposal,  Outhouse toilet,  Campfire site,  Landing stage,   ","(PSS)","guestharbor","https://drive.google.com/open?id=1y3NZeJeNPnlPLQBokkikn4MkqsCGSeGM8A","61.491225","28.161666"
5033,"Koukunjoki ","Waste disposal,  Outhouse toilet,  Campfire site,  Buoys,",,"naturharbor",,"63.571667","27.320000"
4411,"Kukonharju","Waste disposal,  Outhouse toilet","Suvorovin kanavareitin varrella","naturharbor",,"61.495675","28.525850"
4899,"Kumpusaari ","Waste disposal,  Campfire site","(PSS)  day use only","naturharbor",,"63.538333","27.166667"
4830,"Kuntoranta",,,"resort",,"62.345699","27.888837"
,"Kuopio, Hotelinranta",,,"pier",,"62.887895","27.696630"
,"Kuopio, matkustajasatama",,,"pier",,"62.890848","27.695299"
,"Kuopionlahti",,,"marina",,"62.885861","27.683884"
5668,"Kuurna (Pielisjoki) ","Outhouse toilet, Landing stage,","hard flow","naturharbor",,"62.693333","29.898333"
4889,"Kuusikoisti ","Waste disposal,  Outhouse toilet, Campfire site,  Landing stage, Buoys, lodge   ","(PSS)","guestharbor","https://drive.google.com/open?id=15uTDxB1sR_8YFF_rA8ntWza1ZI6F0Tu5gg","62.775880","27.817389"
5055,"Kyhjönsaari ","Waste disposal,  Outhouse toilet,  Campfire site,  Landing stage, Buoys,",,"naturharbor",,"63.633333","27.166667"
4445,"Kylmäsaari","Outhouse toilet,  Barbecue shelter, Landing stage,  ","(PSS)","guestharbor","https://drive.google.com/open?id=1cbyNm7kIj3lxBCf9acw7WolLGiCz3EGJZQ","61.624417","28.252550"
5863,"Kynsisaari ","Waste disposal,  Outhouse toilet,  Campfire site,",,"naturharbor",,"63.383333","29.316667"
5060,"Kyrönniemi","Campfire site, Landing stage","Hiljaisuuen Keskus, Vanha Pappila","naturharbor",,"63.728333","27.036667"
4252,"Kyyhkylä",,,"pier",,"61.635448","27.291236"
4145,"Laajahiekka","Outhouse toilet,  Campfire site, (PSS)",,"naturharbor",,"61.376667","28.093333"
5436,"Laajakaarre ","Outhouse toilet,  Campfire site,  National park , mv-Kielto ",,"naturharbor",,"62.260000","28.856667"
,"Laakensaari",,,"naturharbor",,"62.465411","29.633645"
5365,"Laitasaari","Waste disposal,  Outhouse toilet,  Campfire site,",,"naturharbor",,"62.638702","28.836461"
5723,"Laitosaari Kolin","Outhouse toilet,  Campfire site  ","Kolin National park","naturharbor",,"63.045000","29.936667"
4284,"Lakeistenranta",,,"pier",,"61.600421","27.648378"
4081,"Lammassaari","Septic,",,"marina",,"61.210580","28.714202"
5716,"Läpikäytävä ","Waste disposal,  Outhouse toilet,  Campfire site,",,"naturharbor",,"63.080000","29.998333"
,"Lapinlahti",,,"pier",,"63.353757","27.374271"
5435,"Lapinniemi ","Outhouse toilet,  Campfire site","National park motorboat ban on","naturharbor",,"62.273333","28.813333"
4995,"Läpisaaret (Etelä-Kallavesi)","Waste disposal,  Outhouse toilet,  Shelter, Buoys,  ","(PSS) ","naturharbor",,"62.796920","27.790646"
4893,"Läpisaaret (Pohjois-Kallavesi)","Waste disposal,  Campfire site,  Outhouse toilet","(PSS) day use ","naturharbor",,"62.975000","27.498333"
4030,"Lappeenranta Kaupunginlahti","Information, Septic, Fuel, Showers,, Cafe,",,"marina","https://venelehti.fi/?satama=4030-lappeenranta-kaupunginlahti","61.067619","28.187029"
5158,"Lastukoski","Campfire site, Outhouse toilet,",,"naturharbor",,"63.201667","28.278333"
,"Laukansaari",,,"guestharbor",,"61.794712","28.844139"
4510,"Laukansaari (Lusto)",,,"pier",,"61.797267","29.303225"
,"Leppävirta","Fuel, Drinking water,",,"pier","https://drive.google.com/open?id=1Pepo_c-SSVOxV_OPOeJ7HFQVdnvSh-4oIw","62.489444","27.802963"
4846,"Leppävirta, Kalmalahti","Fuel for carrying","Lidl","marina","https://photos.google.com/share/AF1QipMBwRB5UnurPg5I0t-_BVvMbqoqhqn2dCCUfBRF8ojCo0PYwD3RUObTxhN4biKqOA/photo/AF1QipPlLttWqU8GAZb0-Zw-0Zw6G-BRNlhWu2_TEF-9?key=aXhxNEZBSWRjOE9sNHN3RUdmaUVjUFJfeTc5UE1n","62.488576","27.771463"
,"Leppävirta, laivalaituri","slip, wc","privat","pier","https://photos.google.com/share/AF1QipMBwRB5UnurPg5I0t-_BVvMbqoqhqn2dCCUfBRF8ojCo0PYwD3RUObTxhN4biKqOA/photo/AF1QipP3FETe5s-bJPB64neqbDFyyRjCEmhOh9vSZ64l?key=aXhxNEZBSWRjOE9sNHN3RUdmaUVjUFJfeTc5UE1n","62.487383","27.808027"
4380,"Liehtalanniemi","Waste disposal,  Outhouse toilet,  Campfire site","Museum Estate   (PSS/Puumalan kunta) signposts","museum_openair","https://drive.google.com/open?id=1mu2hzYKFRj2QfrwDkOd5Qa4u7MBUHWaPIg","61.461064","28.124029"
,"Lieksa","Aervice Fuel for carrying, Septic, Cottages, Slip","Nuseun of Pielinen","marina",,"63.309773","30.011818"
4346,"Lietveden silta","Cafe,",,"pier",,"61.550230","27.961660"
5058,"Liistelampi","Waste disposal, Outhouse toilet, Campfire site, Landing stage","shallow beach","naturharbor",,"63.700000","27.088333"
,"Liklamo",,,"guestharbor",,"63.250385","29.827861"
5745,"Likolahti ","Waste disposal, Outhouse toilet,  Campfire site,  National park","shallow beach","naturharbor",,"63.090000","29.836667"
4053,"Likosenlahti","Service, Septic, Cafe, Sauna,",,"marina",,"61.142603","28.491213"
4765,"Linnansaari, Perpulanluhta ","Outhouse toilet,  Campfire site, Buoys","National park ","naturharbor","https://drive.google.com/open?id=1sPnjOVGVxQFk--qvyujOtZDnUT79t5Uyiw","62.116874","28.480817"
4757,"Linnansaari, Sammakkoniemi","Outhouse toilet,  Barbecue shelter, Campfire site,  Landing stage, (2) Sauna",",  kioski Info (MH)","resort","https://drive.google.com/open?id=1O9bEVZ_3pQA4aaJPoRqEP0cCbwn61FSlGw","62.101426","28.516259"
4763,"Linnanssaari, Linnavuori","Outhouse toilet,  Landing stage","National park ","guestharbor",,"62.114445","28.473178"
4692,"Linnasaari","Outhouse toilet,  Barbecue shelter","(signposts Hummonselältä)","naturharbor",,"62.005000","29.618333"
,"Linnasaari, Kamarluoto",,,"naturharbor",,"62.100522","28.520679"
,"Linnasaari, Laivalatun",,,"pier",,"62.099930","28.512611"
4460,"Linnavuori (Rinteenmäki)","Waste disposal,  Outhouse toilet,  Barbecue shelter, Landing stage,  ","(PSS) ancient castle remains","ancient","https://drive.google.com/open?id=17WEsW-9aD1ARMOb7U849hScq2kvSlBuaIQ","61.752251 28.319734","28.471455"
,"Linnavuori (Linnasaari)",,,"view","https://drive.google.com/open?id=1BkGNg3v_1lB1VK-81xOhsQDkxEuAvvo_IQ","62.116342","28.471455"
5536,"Liperi kirkkoranta","Slip, Cafe, Septic, Fuel for carrying,",,"marina",,"62.526750","29.388556"
4115,"Lisitinki","Waste disposal,  Outhouse toilet,  Campfire site, ","(PSS)","naturharbor",,"61.211667","28.336667"
4468,"Lohilahti","Service, Slip, Fuel for carrying, Grocery, Restaurant, Sauna,",,"marina","https://photos.google.com/share/AF1QipMBwRB5UnurPg5I0t-_BVvMbqoqhqn2dCCUfBRF8ojCo0PYwD3RUObTxhN4biKqOA/photo/AF1QipOXMWBU9d1y2IjIucIfWObm9VsQGrA11mUOjnlT?key=aXhxNEZBSWRjOE9sNHN3RUdmaUVjUFJfeTc5UE1n","61.610785","28.694544"
5444,"Lohilahti (Käkövesi)","Outhouse toilet,  Campfire site,  ","National park , mv-Kielto ","naturharbor",,"62.210000","28.920000"
,"Loma Autio",,,"pier",,"61.604102","28.383451"
,"Lomakoli","Beds, Camping, Cottages,",,"resort",,"63.161036","29.840157"
4568,"Lomaniemi","Grocery,",,"beach",,"61.603901","29.222137"
4744,"Louhisaari","Outhouse toilet,  Campfire site, ","National park ","naturharbor",,"62.078333","28.605000"
5392,"Luhtakannansaari ","Outhouse toilet,  Campfire site,  ","(Metsähallitus) ","naturharbor",,"62.463333","28.730000"
5350,"Lukonlahti","Slip, Fuel for carrying,",,"pier",,"62.922853","28.680227"
5315,"Luotsalo",,,"naturharbor",,"62.603731","28.762303"
,"Lusto",,"Forest grab museum","museum",,"61.799224","29.322087"
5315,"Luutsalo ","Waste disposal,  Outhouse toilet,  Campfire site,",,"naturharbor",,"62.580000","28.446667"
4270,"Lyökinniemi","Outhouse toilet,  Campfire site, ","(PSS) Vuolteen kanava","naturharbor",,"61.455000","27.753333"
5007,"Maaninka","Grocery, Cafe, Fuel by carrying, Septic,",,"marina",,"63.158048","27.292667"
,"Majalahti","Cafe, WC Shovers,"," always close","marina",,"62.894603","27.695256"
4624,"Mäkrä, Sepänniemi","Outhouse toilet,  Campfire site,  Landing stage,",,"naturharbor",,"61.841667","29.401667"
4300,"Makutsaari","Waste disposal,  Outhouse toilet,  Barbecue shelter,  Landing stage,  ","(PSS)","guestharbor","https://drive.google.com/open?id=1BKZprqUfeZGaSLkpAzlivNgkhn2MPkwLiA","61.623388","27.792905"
,"Mälkiä","No facilities.","Saima shanel museum. ","pier","https://drive.google.com/open?id=1Bxzm68hBXf1mnbypkr49Ys2PbJu8Lmr-VQ","61.072850","28.302472"
4450,"Mannilanniemi",,,"pier",,"61.667227","28.258215"
4760,"Mäntyluoto","Outhouse toilet,  Campfire site","National park ","naturharbor",,"62.095401","28.462685"
,"Mäntyniemi",,,"port",,"61.949538","29.743418"
,"Mäntysaari itäinen",,"Lappeenranta yacht club. Privat, Has a free isolated pier","pier",,"61.279040","28.348391"
5643,"Marjala",,,"pier",,"62.631546","29.661326"
5404,"Martinsaari ","Outhouse toilet,  Campfire site,  Buoys,",,"naturharbor",,"62.415000","28.745000"
,"Matkussalmi",,,"naturharbor",,"63.005378","28.138250"
5239,"Melalahti","Cafe, Grocery, Fuel by carrying, Post office, Playground",,"pier",,"62.915244","28.156875"
5341,"Melttunen ","Waste disposal, Outhouse toilet, Outhouse toilet, Landing stage, ",,"naturharbor",,"62.928333","28.638333"
5260,"Metsä-Rajo, Rajosaari ","Waste disposal,  Outhouse toilet,  Campfire site,  Shelter,  Landing stage",,"naturharbor","https://photos.google.com/share/AF1QipMBwRB5UnurPg5I0t-_BVvMbqoqhqn2dCCUfBRF8ojCo0PYwD3RUObTxhN4biKqOA/photo/AF1QipOyd_FuGvkLCUcligUfO29ME4cDvEZMD0StGGET?key=aXhxNEZBSWRjOE9sNHN3RUdmaUVjUFJfeTc5UE1n","62.723371","28.123455"
4259,"Mikkeli St.Michel","Fuel, Septic, ",,"marina",,"61.688656","27.281838"
,"Museokanava",,"Museum of shanel","museum",,"62.728403","30.044345"
4608,"Mustalahti","Waste disposal,  Outhouse toilet,  Landing stage","Harjualue Salpalinjan rakenteita","war","https://drive.google.com/open?id=1iamrdGW_fjm3DlVKdtSSgtEVlgViydCW5w","61.775591","29.336731"
4769,"Mustalahti Rantasalmi",,,"pier",,"62.086000","28.335413"
3589,"Mustaniemi","Outhouse toilet,  Campfire site,  Shelter, ","(EKvas) Harsh west of the canal","naturharbor",,"62.1733 25.9417","28.760000"
5784,"Mustasaari ","Waste disposal,  Outhouse toilet,  ","(PSS)","naturharbor",,"63.200000","29.846667"
4564,"Mustasaari (Pihlajavesi)","Outhouse toilet,  Campfire site,  ","(Metsähallitus)","naturharbor",,"61.649409","29.113582"
,"Mustinlahti",,,"pier",,"62.696752","28.284140"
,"Muukonsaari","Waste disposal,  Outhouse toilet,  Barbecue shelter,  Landing stage, Sauna, Cottages","reservations 040 5625 220","naturharbor",,"61.160178","28.489132"
4981,"Muurainen-Särkkä ","Waste disposal,  Outhouse toilet,  Campfire site,  Buoys, ","(PSS) ","naturharbor",,"62.940000","27.470000"
,"Muuruvesi","vacuum cleaning, waste disposal, cafe, kiosk, restaurant, electric sauna, shower, fireplaces, water toilet",,"guestharbor",,"63.001414","28.235903"
5131,"Muuruvesi Kurikkalahti","Grocery, Septic,",,"pier",,"63.009878","28.215025"
4783,"Myhkyrä","Outhouse toilet,  Campfire site, Buoys,  ","National park ","naturharbor",,"62.168040","28.365697"
5524,"Myllymiemi","Septic,",,"marina",,"62.096202","29.874669"
,"Naraanlahti","Beds, Cottages,",,"resort","https://www.naaranlahti.com/","61.799539","29.625863"
5029,"Nerohvirta ","Waste disposal,  Outhouse toilet,  Campfire site,  Shelter, ",,"naturharbor",,"63.480000","27.216667"
,"Niilanmiemi",,,"naturharbor","https://photos.google.com/share/AF1QipMBwRB5UnurPg5I0t-_BVvMbqoqhqn2dCCUfBRF8ojCo0PYwD3RUObTxhN4biKqOA/photo/AF1QipMzIIqfAj-G-VeQfdkM-8SeAUcfB9YsF3BhfdRn?key=aXhxNEZBSWRjOE9sNHN3RUdmaUVjUFJfeTc5UE1n","61.718038","28.968077"
4385,"Niinisaari","Restaurant, Beds, ","Vine yard day only","pier","https://drive.google.com/open?id=1JdxsLUvmhjJwvsVCexdqu-x6EYQxc20B_A","61.455577","28.158963"
5790,"Niinsalmi (Papinsalmi)","Waste disposal,  Outhouse toilet, ",,"naturharbor",,"63.200000","29.778333"
5169,"Nilsiä","Grocery, Fuel, Restaurant, Alco, Showers, Bus,  Post office, Septic,",,"marina",,"63.205842","28.092437"
5145,"Niskakoski","Fuel, Grocery, Hotel, Sauna, Septic,",,"marina",,"63.069707","28.336325"
5605,"Niva","Hotel,",,"marina",,"62.410133","29.846666"
4723,"Nuoyniemi",,,"pier",,"61.979371","28.616997"
5883,"Nurmes","Service, Slip,",,"marina",,"63.541909","29.132418"
5021,"Nurmiranta","Slip, Beds, Shore power, Playground",,"resort",,"63.206713","27.361311"
5353,"Ohtaansalmi",,,"pier",,"62.774485","28.695999"
5470,"Olavinlahti","Outhouse toilet, Campfire site,",,"naturharbor",,"62.105000","28.903333"
4748,"Oravi","Information, Hotel, Restaurant, Fuel, Drinking water, Grocery, Septic, Shop, Sauna,",,"marina","https://drive.google.com/open?id=14-CjDjDYf9TUvFKJxkAMpuMJvAewLVdGVg","62.114977","28.605695"
4864,"Oravikoski","Cafe,",,"guestharbor",,"62.588702","27.612548"
,"Ostringinsuo wood pier",,,"pier",,"62.148538","28.918204"
4235,"Otrasaari","Outhouse toilet,  Campfire site,  ","(PSS)","naturharbor",,"61.498333","27.550000"
5825,"Paalasmaa","Cottages, Sauna,",,"resort",,"63.285484","29.484249"
,"Pääskylahti",,,"pier",,"61.855815","28.941759"
4787,"Paavalinsaari","Outhouse toilet,  Campfire site, ","National park, shallow beach","naturharbor","https://drive.google.com/open?id=1sUoGNNMyxmoVlID3xp-S0l8QdqiMEukkrg","62.176643","28.305625"
5327,"Pahkasalo, Kaasilansalmi ","Waste disposal,  Outhouse toilet,  Campfire site,  Landing stage, ",,"naturharbor",,"62.780000","28.463333"
4045,"Påihänniemi","Waste disposal,  Outhouse toilet,  Barbecue shelter,   Inva ","(Ekvas) shallow sandy beach","beach",,"61.171667","28.368333"
5285,"Paimensaari ","Outhouse toilet,  Campfire site,  Buoys","luontopolku, perinnetila ","naturharbor","https://photos.google.com/share/AF1QipMBwRB5UnurPg5I0t-_BVvMbqoqhqn2dCCUfBRF8ojCo0PYwD3RUObTxhN4biKqOA/photo/AF1QipNDGheqcIVZOonvtdIBsWuGIZ1rnMo8DoXcOuR5?key=aXhxNEZBSWRjOE9sNHN3RUdmaUVjUFJfeTc5UE1n","62.622383","28.363823"
5123,"Pajulahti","Fuel by carrying,",,"marina",,"63.135513","27.842992"
5573,"Paksuniemi","Fuel, Septic, Cafe, Slip, Sauna,",,"marina",,"62.332358","29.631145"
5300,"Palokki","Waste disposal,  Outhouse toilet,  Barbecue shelter, Landing stage","Steam ship „Panu“","pier","https://photos.google.com/share/AF1QipMBwRB5UnurPg5I0t-_BVvMbqoqhqn2dCCUfBRF8ojCo0PYwD3RUObTxhN4biKqOA/photo/AF1QipPFQxsmii0VlyNQ-83Jg9g-tX_u9Qk3vQbXyvhO?key=aXhxNEZBSWRjOE9sNHN3RUdmaUVjUFJfeTc5UE1n","62.562185","28.569758"
4202,"Palosensaari","Outhouse toilet,  Campfire site,    ","(EKvas) ","naturharbor",,"61.355000","27.663333"
5518,"Pantunniemi ","Waste disposal,  Outhouse toilet,  Campfire site,  Landing stage, ",,"naturharbor",,"62.203333","29.660000"
4190,"Partakoski","Fuel, Restaurant, grocery store",,"marina",,"61.269565","27.702879"
5566,"Pässiniemi ","Outhouse toilet,  Landing stage,  Sauna","Salpalinjan rakenteita","naturharbor",,"62.355325","29.579647"
4636,"Patasalo, Tölkkäänniemi","Outhouse toilet,  Campfire site,",,"naturharbor",,"61.876667","29.348333"
,"Paukkaja",,,"marina",,"62.864548","30.210173"
,"Peräsaari",,,"naturharbor",,"61.300449","28.319037"
,"Perhesaari",,,"naturharbor",,"62.497533","29.717931"
4548,"Pesolansaari, Mitinhiekka","Outhouse toilet, Barbecue shelter, Landing stage, Buoys, ","(Metsähallitus, SLPS)","guestharbor","https://drive.google.com/open?id=1cfBUMF9RCZmSEMjzrBH4oEoRe-oPtIXeKg","61.694475","28.968378"
4751,"Petäikköluoto","Outhouse toilet,  Campfire site, ","National park shallow","naturharbor",,"62.085000","28.558333"
5150,"Petäjäsaari","Outhouse toilet,",,"naturharbor",,"63.140000","28.336667"
4628,"Petrisaari","Outhouse toilet,  Barbecue shelter, ","(Metsähallitus, PUPS) 3 eri aluetta","naturharbor",,"61.838333","29.558333"
4472,"Petrosaari","Waste disposal,  Outhouse toilet,  Campfire site,  ","(PSS)","naturharbor","https://drive.google.com/open?id=1-m6ZlviWbqUkayaF0sBBhPOdwfpW9NLuug","61.620939","28.546477"
5121,"Pieksaänkoski",,,"pier",,"63.091254","27.929832"
5730,"Pieni Korppi ","Waste disposal,  Outhouse toilet,  Campfire site,  ","National park  ","naturharbor",,"63.109801","29.877708"
,"Pieni Unisaari","Outhouse toilet,  Campfire site, Buoys",,"naturharbor",,"61.724483","28.510245"
4767,"Pieni-Lappi","Outhouse toilet,   Campfire site,  ","National park ","naturharbor",,"62.113333","28.378333"
,"Pieni-Musta",,,"naturharbor",,"62.870143","27.868624"
,"Pieni-Telkko","Outhouse toilet,  Campfire site, Buoys",,"naturharbor",,"62.903933","27.755032"
,"pier Joensuu",,,"pier",,"62.597406","29.724905"
,"pier Pönttösuo",,"mostly free","pier",,"62.687252","28.750137"
,"pier Tahkoranta",,,"pier",,"62.220990","27.930636"
,"Pietolansaari",,,"pier",,"61.679445","28.897740"
4492,"Pihlajalahti",,,"pier",,"61.873294","28.490709"
4502,"Piispanhuvila, Kesamonsaari ","Waste disposal,  Outhouse toilet,  Barbecue shelter,  Landing stage, Buoys,  Sauna, Tupa  ","(PSS/Sai virkistysal yhd)","guestharbor","https://drive.google.com/open?id=1bwdNp47bL5dMpr35o5EJEWrWR1MhwxAk_g","61.792548","28.772759"
5831,"Piitteri",,,"marina",,"63.226462","29.342103"
,"Pirtiniemi (KuoPs)","WC Shower Sauna, ","via harbormaster only","marina",,"62.904065","27.729589"
,"Pirtinvirta",,,"marina",,"62.310622","27.889352"
4813,"Pirttilahti",,,"pier",,"62.819629","27.685718"
5506,"Pistalanharju ","Outhouse toilet,  Campfire site,",,"beach","https://drive.google.com/open?id=1e8WR7xto9dicN18ZpQdVVpRVAEPWnYC04g","62.089807","29.382082"
,"Pistohiekka",,,"pier",,"61.558284","28.008051"
4924,"Pitkä-Hakku ","Waste disposal,  Outhouse toilet,  Campfire site, ","(PSS)","naturharbor",,"62.851667","27.845000"
4710,"Pitkalahti","Sauna, Restaurant",,"pier","https://photos.google.com/share/AF1QipMBwRB5UnurPg5I0t-_BVvMbqoqhqn2dCCUfBRF8ojCo0PYwD3RUObTxhN4biKqOA/photo/AF1QipPtmISgggxqG2U71M_UJ2oqI1px92G0m_2lUQOC?key=aXhxNEZBSWRjOE9sNHN3RUdmaUVjUFJfeTc5UE1n","61.919332","28.821059"
,"Pitkälahti",,,"pier",,"62.645762","28.898602"
,"Pitkaniemi",,,"pier",,"62.631512","28.866652"
,"Pitkäniemi",,,"anchorage",,"61.913054","28.824697"
5423,"Pitkäsaari, Kolovesi ","Outhouse toilet,  Campfire site,  ","National park ","naturharbor",,"62.306667","28.746667"
4467,"Polkkyniemi",,,"pier",,"61.610979","28.687571"
4719,"Pöllänsaari","Outhouse toilet,  Campfire site, ","National park ","naturharbor","https://drive.google.com/open?id=1sCxUOPFcYnxZ6QCXsvKdAWJs4oG8YHkE_w","61.994440","28.659753"
,"Polp","Slip,",,"port",,"61.132639","28.450186"
4960,"Potkunsaari ","Waste disposal,  Campfire site,",,"naturharbor",,"62.940000","27.746667"
5530,"Puhos","Grocery, Fuel for carying, Hotel","Pajarinhovi Zoo 5 km","pier",,"62.087806","29.899045"
4065,"Pullikainen","Waste disposal, Campfire site, Barbecue shelter, Outhouse toilet, Landing stage, Buoys","(PSS/EKvas) pienoisviitat","guestharbor","https://drive.google.com/open?id=15jnIuNCiR6kUaTIOioBEOquJL0tgbvPF8g","61.232378","28.459643"
4620,"Punkasaalmi, Nobelinniemi","Slip, Fuel, Drinking water, Shop, Train, some Service, ","day only","marina",,"61.760566","29.380087"
5127,"Purtosaari ","Waste disposal,  Outhouse toilet,  Campfire site,  wilderness hut  ",,"naturharbor",,"63.013333","28.066667"
4407,"Puumala","Restaurant, Alco, Shop, WC Shovers, Sauna, Washing mashine, Shore power",,"marina","https://drive.google.com/open?id=1oc4PLMYKcHX2TmgbEEaMrtbDCYvwpYEUeA","61.519825","28.178436"
5396,"Puumalansaari ","Outhouse toilet,  Campfire site,  ","(Metsähallitus) ","naturharbor",,"62.425000","28.796667"
,"Puumalansalmi","Fuel, Septic, Drinking water, Boat parts WC",,"marina","https://drive.google.com/open?id=1xAWQ8qOIvX6exEm2pjsEQvWAgRjH13LM9w","61.522004","28.174992"
,"Puustelli",,,"pier",,"63.312741","30.035936"
4870,"Puutossalmi, Hautosaari","Slip,",,"guestharbor",,"62.723042","27.752194"
,"Pyhäsaari",,,"naturharbor",,"62.517146","29.708146"
4922,"Pyöreä-Hakku ","Waste disposal,  Outhouse toilet, Campfire site,  ","(PSS) day use ","naturharbor",,"62.845000","27.846667"
5434,"Pyylinoja","Outhouse toilet,  Campfire site,  Shelter, ","National park ","naturharbor",,"62.275000","28.743333"
,"Raikuun kanava",,,"pier",,"62.021901","29.457215"
4330,"Raintasaari","Waste disposal,  Outhouse toilet,  Campfire site, Landing stage,  ","(PSS)","naturharbor",,"61.635000","27.896667"
4737,"Rantasalmi kirkonkylä","Service, Fuel by carrying, Septic, Hotel, Grocery, Alco,",,"marina",,"62.066725","28.306505"
4085,"Rasila","Fuel, by carring Information, Restaurant, Grocery, Septic,",,"marina",,"61.291148","28.810740"
4127,"Rastiniemi","Waste disposal,  Outhouse toilet,  Barbecue shelter,  ","(PSS/EKvas)","beach",,"61.281667","28.116667"
4734,"Raudansaari",,,"guestharbor",,"62.041102","28.390704"
,"Rauha","Slip,",,"pier",,"61.194662","28.698409"
,"Rauhalahti (Pölhö)",,,"naturharbor",,"62.869857","27.664314"
4926,"Rauhalahti etelänen",,,"marina",,"62.864181","27.646204"
,"Rauhalahti, pohjoinen",,,"guestharbor",,"62.866099","27.654186"
,"Rauhalinna",,,"museum","https://lh3.googleusercontent.com/CpvSjUwyQYtKVofGLdkKrzhf9WmKlwTrG_JqEKwI7VadTvSyIsCvljJMZN6cvca2ifevW1XuuI23TnjPPgZh904a7UqGILUvXhbGLEFaPOJjWcv6D5csUuYjEhJjVdA-0UBGwQgzUtE=w1176-h1771","61.914382","28.833720"
,"Rauvanniemi",,,"pier",,"61.951233","29.497427"
5463,"Reposaari ","Waste disposal,  Outhouse toilet,  Campfire site,  Landing stage, ","(PSS)","guestharbor","https://drive.google.com/open?id=1XZcdvzdJ2Utlfwu4lCFyxyeJVxPw5pkRZw","62.104639","28.784572"
,"Riistina",,,"pier",,"61.910730","28.838043"
4672,"Riokke","Septic, Sauna,",,"guestharbor",,"61.901721","29.670538"
,"Rissala","Airport Restaurant, Septic,",,"pier",,"63.009624","27.783233"
4220,"Ristiina Kaukaanranta","Showers, Toilet Septic, Shop","reserve via internet acces by code","marina","https://drive.google.com/open?id=147EvLB7XpHHQFo3LyCkD7o_wa9nAjP5bkQ","61.511280","27.244673"
4220,"Ristiina Kirkonranta","Outhouse toilet, Slip, Landing stage, Buoys","10 Euro","marina","https://drive.google.com/open?id=1uhzybZF0ASCsSNALA1LxRoKrcHWTvS0iyg","61.501145","27.263727"
,"Ritoniemi",,,"guestharbor",,"62.798156","27.905145"
5876,"Ritoniemi Bomba","Hotel, ","Karelian village and sap","resort",,"63.532586","29.180183"
4365,"Rokansaari","Waste disposal,  Outhouse toilet,  Barbecue shelter, Campfire site, Landing stage, Sauna, ","(kahvio?)  (PSS/Sai virkal yhd)","guestharbor",,"61.480023","28.050145"
4688,"Ruhkonniemi",,,"pier",,"62.019646","29.680461"
5075,"Runni","Waste disposal,  Outhouse toilet,  Campfire site, ","Kylpylän palvelut","naturharbor",,"63.590000","26.855000"
4017,"Ruohosaari","Outhouse toilet,  Campfire site,",,"naturharbor",,"61.078333","28.116667"
,"Rupakonvirta",,,"pier",,"61.578063","27.792122"
4140,"Ruuhonsaari (RUHA)","Waste disposal,  Outhouse toilet,  Campfire site, Barbecue shelter, Landing stage (2),  Buoys,  Sauna (2) ","(PSS/EKvas)","guestharbor","https://drive.google.com/open?id=1eeHgBPufzQ3b94DYC6eapzwEY71Gi4rSjA","61.351667","28.110000"
4434,"Ruunasaari","Outhouse toilet,  Campfire site, Buoys,  ","(PSS)","naturharbor","https://drive.google.com/open?id=15Eo1g5f0fgsA8TjHpn9koo7zaCBgDyE8ww","61.600000","28.440000"
4812,"Rykiniemi","Outhouse toilet,  Campfire site,  Landing stage, Shelter, Slip",,"guestharbor","https://photos.google.com/share/AF1QipMBwRB5UnurPg5I0t-_BVvMbqoqhqn2dCCUfBRF8ojCo0PYwD3RUObTxhN4biKqOA/photo/AF1QipNOBGJRJKO0iA5-hrsxdnZCga2vVY1CRVrzrAPa?key=aXhxNEZBSWRjOE9sNHN3RUdmaUVjUFJfeTc5UE1n","62.204188","28.105838"
5090,"Ryönänjoki ","Waste disposal,  Outhouse toilet,  Barbecue shelter,   Landing stage, ",,"naturharbor",,"63.603333","26.701667"
5077,"Saarikoski","Outhouse toilet,  Campfire site, ","riippusilta 2,8 m, current  ","naturharbor",,"63.593333","26.830000"
5626,"Saaristoranta","Fuel, Septic, Slip,",,"marina",,"62.436283","29.630899"
5194,"Sääskiniemi",,,"pier",,"63.303277","28.035188"
4400,"Sahanlahti","Restaurant, Beds, Sauna, Septic,",,"marina",,"61.573349","28.147301"
,"Saimaan Portti","Service, Fuel, Drinking vater",,"marina","http://www.marinasaimaanportti.fi/","61.077749","28.260586"
4020,"Saimaanharju",,,"marina",,"61.130008","28.101113"
,"Saimaanranta",,,"marina",,"61.228628","28.090298"
4131,"Sarviniemi","Outhouse toilet, Waste disposal,  Barbecue shelter, Campfire site, Landing stage,",,"guestharbor","https://drive.google.com/open?id=1lTQFdyPkxOjelcwnOfImF6Y3GuMZZioZJA","61.278844","28.063541"
4057,"Satamosaari","Waste disposal,  Barbecue shelter (2), Campfire site, Sauna (2),  Landing stage (2), Buoys,  Septic, inva ","(PSS/EKvas)   ","guestharbor","https://drive.google.com/open?id=1lHEhqQt7dmlNJD-717uqebvsZsTtEKkyBA","61.195000","28.556667"
,"Saunalahti",,,"guestharbor",,"62.950330","30.100138"
5483,"Saunaniemi (Saunalahti)","Outhouse toilet,  Campfire site,",,"naturharbor",,"62.168333","29.021667"
5032,"Saunaniemi Paloisvuori","Waste disposal,  Outhouse toilet,  Campfire site,  Buoys,",,"naturharbor",,"63.553333","27.285000"
5587,"Savikko ","Waste disposal,  Outhouse toilet,  Landing stage, ",,"naturharbor",,"62.361667","29.781667"
4680,"Savilahti","Restaurant, Sauna,",,"guestharbor",,"61.889875","29.785422"
5095,"Saviranta ","Waste disposal,  Outhouse toilet,  Campfire site,  Landing stage,  Sauna,",,"naturharbor",,"63.656667","26.653333"
4215,"Savisalo","Waste disposal,  Outhouse toilet,  Campfire site, Landing stage, ","(PSS)","naturharbor",,"61.475000","27.313333"
,"Savonlina, Nyslott, Kauppator",,"free","pier","https://drive.google.com/open?id=16UkUXNzDNefo8MIhkPMi6jjhFpeqci1Kag","61.867352","28.883501"
4536,"Savonlinna, Nyslot, Torinpyorä","Restaurant, Showers, WC Shore power Drinking water,",,"marina",,"61.863658","28.890196"
,"Savonranta","Fuel, Drinking water, WC Sauna, Restaurant,",,"marina","https://drive.google.com/open?id=1EOKo-EF-Y7M3evCIZqzA1ptU1wNwAnpE1A","62.169971","29.211004"
,"Savonranta, pier",,"free","pier","https://drive.google.com/open?id=1L4TE0p8Qbu969u58o3r229LWLBpYmH6PwQ","62.167637","29.207571"
4616,"Savonsaaret","Waste disposal,  Outhouse toilet,  Campfire site,",,"naturharbor",,"61.723333","29.356667"
5431,"Säynämo",,,"pier",,"62.290062","28.622120"
4912,"Selkä-Havukka ","Waste disposal,  Outhouse toilet,  Campfire site,  Shelter, Buoys, ","(PSS)","naturharbor",,"62.813333","27.710000"
4720,"Seurasaari","Outhouse toilet,  Campfire site, ","National park, shallow sandy beach","beach",,"62.000000","28.668333"
5658,"Siihtata","Service, Septic,",,"pier",,"62.607112","29.776317"
,"Siikakoski",,,"pier",,"61.748792","27.705262"
4480,"Siikalahti","Outhouse toilet, Campfire site,  ","(Metsähallitus) shallow sandy beach","naturharbor","https://photos.google.com/share/AF1QipMBwRB5UnurPg5I0t-_BVvMbqoqhqn2dCCUfBRF8ojCo0PYwD3RUObTxhN4biKqOA/photo/AF1QipON_bdhD9FordvPqy5NHxk7iMBGqblFByjq9NXI?key=aXhxNEZBSWRjOE9sNHN3RUdmaUVjUFJfeTc5UE1n","61.643333","28.711667"
,"Siikalahti N",,,"anchorage",,"61.645187","28.710553"
,"Siilinjarvi, Kanavatie",,,"marina",,"63.065916","27.679421"
5119,"Siilinlahti","Grocery, Hotel, Fuel by carrying,",,"pier",,"63.071553","27.670451"
,"Slip Saparistonlahti",,,"slip",,"61.501637","28.047233"
4887,"Soikelokoisti ","Waste disposal,  Campfire site, ","(PSS) shallow","naturharbor",,"62.774874","27.808048"
4176,"Soukanniemi","Outhouse toilet,  Campfire site, ","( Pss) shallow","naturharbor",,"61.430000","28.043333"
4485,"Sulkava","Retaurant Alco, Shop, Fuel, Sauna, Septic,",,"marina",,"61.784888","28.379913"
5241,"Summanlampi ","Outhouse toilet,  Barbecue shelter, Landing stage, Inva ",,"naturharbor",,"62.843333","28.206667"
,"Suuri Raudanvesi",,,"pier",,"62.043536","28.409888"
4395,"Suuri-Metiäinen","Outhouse toilet,  Campfire site,  ","(PSS)","naturharbor","https://drive.google.com/open?id=113IxbgChluGHEoytCrBOuC6COa1ssBt4FA","61.505000","28.145000"
4522,"Suuri-Simuna","Waste disposal,  Outhouse toilet,  Barbecue shelter,  Landing stage,  ","(PSS)","guestharbor","https://drive.google.com/open?id=1MSXVjUN3n2_at5Q2sK-UpfXOfFRs0kPmEQ","61.830514","28.902482"
5633,"Suursaari","Waste disposal,  Outhouse toilet,  Campfire site,  Barbecue shelter,  Landing stage","(PSS)","guestharbor","https://drive.google.com/open?id=1FIT0RvQj8LngUBFFaQGFzSUOdv4bpi8jbg","62.442704","29.695193"
5450,"Syväniemi ","Outhouse toilet,  Campfire site,  ","National park , mv-Kielto ","naturharbor",,"62.240000","28.813333"
,"Syvärinpää",,,"pier",,"63.428692","27.834817"
5199,"Tahkolahti","Hotel, Cottages, Grocery, Sauna,",,"marina",,"63.290568","28.036562"
4584,"Taikinasaari","Outhouse toilet,",,"naturharbor","https://drive.google.com/open?id=1h-uUJtS0nvcb-mpHmaZeiDtnx9K72qsHtg","61.756292","29.118732"
,"Taipaleen kanava museum",,,"museum","https://photos.google.com/share/AF1QipMBwRB5UnurPg5I0t-_BVvMbqoqhqn2dCCUfBRF8ojCo0PYwD3RUObTxhN4biKqOA/photo/AF1QipNyGYGidVPqCZq4xFWz7QpOSYuWvAlF5MUt2wqf?key=aXhxNEZBSWRjOE9sNHN3RUdmaUVjUFJfeTc5UE1n","62.301559","27.910814"
4025,"Taipalsaari",,,"marina",,"61.158838","28.058670"
4804,"Taivalsaari","Outhouse toilet,  Campfire site, ","Kansallipuisto","naturharbor",,"62.199195","28.197720"
,"Tappuvirta",,,"pier",,"62.207226","28.461842"
,"Telatataipale Kanava","Cafe, Suvorov chanel",,"pier","https://photos.google.com/share/AF1QipMBwRB5UnurPg5I0t-_BVvMbqoqhqn2dCCUfBRF8ojCo0PYwD3RUObTxhN4biKqOA/photo/AF1QipPe5c0w14nQr5mxdjkuYI5T_chtCCKt1p8YRu20?key=aXhxNEZBSWRjOE9sNHN3RUdmaUVjUFJfeTc5UE1n","61.655289","28.604285"
4556,"Tetriniemi","Waste disposal,  Outhouse toilet,  Barbecue shelter,  ","(PSS)","naturharbor",,"61.655000","28.898333"
5612,"Tikankaivanto ","Waste disposal,  Outhouse toilet,  Campfire site,  Landing stage,  ","(PSS) ","guestharbor","https://drive.google.com/open?id=1fBgXFKNhn52zerzjjxa7wqOMuq2mNad0tA","62.421661","29.706694"
5619,"Tikansaari, Linnakallio ","Waste disposal,  Outhouse toilet, Barbecue shelter,  ","(PSS)","guestharbor",,"62.433262","29.671117"
,"Torso",,,"naturharbor",,"62.866151","27.865619"
4909,"Tuomaansalo ","Waste disposal,  Outhouse toilet,  Campfire site, Buoys, Shelter, ","(PSS) ","naturharbor",,"62.818333","27.800000"
5012,"Tuovilanlahti","Grocery,",,"pier",,"63.228854","27.114075"
5335,"Tuusnimiemi","Septic,",,"pier",,"62.799526","28.502150"
,"Tykkipatteri",,"Coastal kanon site","war",,"61.653650","28.464057"
5704,"Ulmaharju","Train",,"pier",,"62.909445","30.239849"
5818,"Uramonsaari ","Waste disposal,  Outhouse toilet,  Landing stage,  ","(PSS)","naturharbor",,"63.251667","29.590000"
5662,"Utransaari (Pielisjoki) ","Outhouse toilet, Campfire site,",,"naturharbor",,"62.618333","29.876667"
5125,"Uudistalo","Cottages,",,"pier",,"62.977051","27.891658"
4526,"Uuraanpää","Waste disposal,  Outhouse toilet,  Campfire site, Buoys, ","(PSS)","naturharbor",,"61.856667","28.870000"
,"Vaaherlahti",,,"pier",,"61.777152","29.283205"
5441,"Vaajasalo ","Outhouse toilet,  Campfire site","National park , mv-Kielto","naturharbor",,"62.208333","28.905000"
4953,"Vaajasalo Kuopio","Restaurant, Sauna, Outhouse toilet ","For vine cruise  and staff boat. No places for pleasure boats.","pier",,"62.900216","27.793608"
5793,"Vaarapahtaat ","Waste disposal,  Outhouse toilet,  Campfire site, Landing stage, Shelter, ","(PSS)","naturharbor",,"63.223333","29.890000"
5070,"Väätäjänsaari ","Waste disposal,  Outhouse toilet,  Campfire site,",,"naturharbor",,"63.563333","27.005000"
4275,"Väätämänsalmi","Slip,",,"pier",,"61.541008","27.696571"
,"Varistaipaleen kanava",,,"pier","https://photos.google.com/share/AF1QipMBwRB5UnurPg5I0t-_BVvMbqoqhqn2dCCUfBRF8ojCo0PYwD3RUObTxhN4biKqOA/photo/AF1QipNZYV9dpNJhTSjhqZYpBIAdhNezJ12dHzozAdU7?key=aXhxNEZBSWRjOE9sNHN3RUdmaUVjUFJfeTc5UE1n","62.544786","28.638187"
5303,"Varistaipaleen kanavamuseo","Kioski",,"museum","https://photos.google.com/share/AF1QipMBwRB5UnurPg5I0t-_BVvMbqoqhqn2dCCUfBRF8ojCo0PYwD3RUObTxhN4biKqOA/photo/AF1QipOUGRhpVlzVJ3C6Fog3V3mncq-s5FuS7NvDy4mQ?key=aXhxNEZBSWRjOE9sNHN3RUdmaUVjUFJfeTc5UE1n","62.546465","28.639018"
5303,"Varistaival","Waste disposal,  Outhouse toilet,  Landing stage,  ","(PSS)","pier","https://photos.google.com/share/AF1QipMBwRB5UnurPg5I0t-_BVvMbqoqhqn2dCCUfBRF8ojCo0PYwD3RUObTxhN4biKqOA/photo/AF1QipOirjLWrh5ETi6Wt1SX2Tk2t4i8Cw7hrK4fZZko?key=aXhxNEZBSWRjOE9sNHN3RUdmaUVjUFJfeTc5UE1n","62.543995","28.634244"
5856,"Varisvaara ","Waste disposal,  Outhouse toilet,  Landing stage, ",,"naturharbor",,"63.380000","29.560000"
4822,"Varkaus Taipale","Fuel, Cafe, Hotel, Sauna, Septic, ","Taipale canava museum","marina","https://photos.google.com/share/AF1QipMBwRB5UnurPg5I0t-_BVvMbqoqhqn2dCCUfBRF8ojCo0PYwD3RUObTxhN4biKqOA/photo/AF1QipMe4uoOAK2FRgP0s95zqpXulnS5dEBjJGbswnb7?key=aXhxNEZBSWRjOE9sNHN3RUdmaUVjUFJfeTc5UE1n","62.304234","27.914950"
,"Värrätsaari",,,"anchorage","https://photos.google.com/share/AF1QipMBwRB5UnurPg5I0t-_BVvMbqoqhqn2dCCUfBRF8ojCo0PYwD3RUObTxhN4biKqOA/photo/AF1QipMDLK2qCXeZGoWJFd8oko_afZ-1u5pIE6QV7X2a?key=aXhxNEZBSWRjOE9sNHN3RUdmaUVjUFJfeTc5UE1n","61.326725","27.915878"
,"Värrätsaari N",,"shallow beach","beach","https://photos.google.com/share/AF1QipMBwRB5UnurPg5I0t-_BVvMbqoqhqn2dCCUfBRF8ojCo0PYwD3RUObTxhN4biKqOA/photo/AF1QipN-K0HOWY5WnqVCPoDz6ezIW9HqE2UdhBRk3W8d?key=aXhxNEZBSWRjOE9sNHN3RUdmaUVjUFJfeTc5UE1n","61.327860","27.918646"
4196,"Värrätsaari S","Waste disposal","shallow","naturharbor","https://photos.google.com/share/AF1QipMBwRB5UnurPg5I0t-_BVvMbqoqhqn2dCCUfBRF8ojCo0PYwD3RUObTxhN4biKqOA/photo/AF1QipOFFNDNt6BmSlImILzfWFIWBF7V77_OVHYWy1MX?key=aXhxNEZBSWRjOE9sNHN3RUdmaUVjUFJfeTc5UE1n","61.325101","27.915642"
4296,"Vartiosaari","Waste disposal,  Outhouse toilet,  Campfire site,  Landing stage,  ","(PSS)","naturharbor",,"61.628333","27.766667"
5380,"Vasarasaari ","Outhouse toilet,  Campfire site,  Shelter, ","(Metsähallitus) ","naturharbor",,"62.471667","28.658333"
,"Vasikkasaari",,,"guestharbor",,"61.559490","27.288747"
4879,"Vatanen","Waste disposal,  Outhouse toilet,  Campfire site,   Landing stage, Buoys,  lodge  ","(PSS) shallow sandy beach","naturharbor",,"62.748716","27.788936"
5261,"Vehmersalmi","Information, Restaurant, Grocery, Fuel, Sauna, Septic,",,"marina","https://photos.google.com/share/AF1QipMBwRB5UnurPg5I0t-_BVvMbqoqhqn2dCCUfBRF8ojCo0PYwD3RUObTxhN4biKqOA/photo/AF1QipPC-IlbqA4hANO-8MPrKUCnNmVaYJ5oYL-oNq7d?key=aXhxNEZBSWRjOE9sNHN3RUdmaUVjUFJfeTc5UE1n","62.762719","28.017904"
,"Veihtniemi",,,"anchorage","https://lh3.googleusercontent.com/hYYU_b3d5NUNqjJZo5QpVRAv8NBgd5W_ceDsdl0l9olk8kYeTgcI3Rw6KRtNwnbGgV3nXREis0zTEICUsFVciAmXpiP7zaoWp8Nudqt4Mq2sBtraIHvdeZl6AgCDnd_bOAeTGhmZPGw=w3272-h803","61.517073","28.561025"
,"Vekaransalmi",,,"pier",,"61.738247","28.504421"
,"Vihtakannankanava port",,"wood store","port",,"62.153267","29.238170"
5400,"Vihtarniemi, Huhmarniemi ","Outhouse toilet,  Campfire site,  ","(Metsähallitus) ","naturharbor",,"62.415000","28.883333"
5133,"Viinitietokeskus","Sauna, Septic,",,"pier",,"63.012108","28.252297"
5384,"Viitalahti","Sauna,",,"guestharbor",,"62.496334","28.531815"
,"Vilkaharju",,,"pier",,"61.765911","28.430091"
4588,"Virtasalmi","Cafe, Sauna, Shelter, Slip, Landing stage, kottage",,"pier",,"61.763805","29.192161"
4266,"Vitjanen","Fuel, Septic,",,"marina",,"61.580800","27.642326"
5466,"Vörstinsaaret ","Waste disposal,  Outhouse toilet,  Campfire site,  Landing stage, ","(PSS)","guestharbor","https://drive.google.com/open?id=1gSqRkuPuzAFr9IYsbc8XNU6BtoQ3ad8eSA","62.114534","28.813517"
,"Vuokseensuu",,,"guestharbor",,"61.224631","28.782265"
,"Vuoksi",,,"port",,"61.229578","28.818057"
5598,"Vuoniemi ","Landing stage","monument","guestharbor",,"62.395849","29.760160"
5778,"Vuonislahti",,,"pier",,"63.152830","29.981005"
5766,"Vuonissalmi",,,"pier",,"63.145522","29.995360"
4967,"Vuorela","Information, Grocery, Slip, Cafe, Sauna,",,"marina",,"62.971757","27.699848"
5353,"Vuorenalus","Waste disposal, Outhouse toilet, Campfire site, Landing stage,",,"naturharbor",,"62.765000","28.703333"
4810,"Vuorikiuas","Outhouse toilet,  Campfire site, Buoys","National park ","guestharbor","https://drive.google.com/open?id=15pCESA2tJItR64GMnZa-q7MqANod3JQLsg","62.225729","28.172921"
,"Vuorikiukas",,,"naturharbor",,"62.274186","28.171391"
,"Vuorilahti","Cottages, Restaurant, Sauna","Home museum","pier",,"61.614696","29.227501"
4355,"Yksköytinen","Outhouse toilet,  Campfire site,  ","(PSS)","naturharbor","https://drive.google.com/open?id=1dGmUoMfnszCZsDSMED17Db-m8xSCyqyF4g","61.525209","27.970692"
